-- MetricLens AI seed data — generated by scripts/generate_test_data.sh
-- Deterministic & idempotent. Safe to re-apply any number of times.
BEGIN;

INSERT INTO hosts (id, hostname, environment, vcpu_count, memory_mb, created_at) VALUES ('29799330-8b99-d203-8293-e9c391277a42', 'host-prod-01', 'PROD', 1, 256, '2024-01-01 00:01:00') ON CONFLICT (id) DO NOTHING;
INSERT INTO hosts (id, hostname, environment, vcpu_count, memory_mb, created_at) VALUES ('4806416a-21e1-1f3d-0d95-8b83f2f86f54', 'host-staging-02', 'STAGING', 8, 16384, '2024-01-01 00:02:00') ON CONFLICT (id) DO NOTHING;
INSERT INTO hosts (id, hostname, environment, vcpu_count, memory_mb, created_at) VALUES ('e37c25b1-753c-a82a-9c43-2c0744cae688', 'host-dev-03', 'DEV', 16, 32768, '2024-01-01 00:03:00') ON CONFLICT (id) DO NOTHING;
INSERT INTO metrics (host_id, ts, cpu_pct, mem_pct, net_in_kbps, net_out_kbps) VALUES ('29799330-8b99-d203-8293-e9c391277a42', '2024-01-07 22:40:00', 9.00, 26.00, 1130.00, 750.00) ON CONFLICT (host_id, ts) DO NOTHING;
INSERT INTO metrics (host_id, ts, cpu_pct, mem_pct, net_in_kbps, net_out_kbps) VALUES ('29799330-8b99-d203-8293-e9c391277a42', '2024-01-07 23:40:00', 8.00, 25.00, 1010.00, 670.00) ON CONFLICT (host_id, ts) DO NOTHING;
INSERT INTO metrics (host_id, ts, cpu_pct, mem_pct, net_in_kbps, net_out_kbps) VALUES ('29799330-8b99-d203-8293-e9c391277a42', '2024-01-08 00:40:00', 8.00, 25.00, 1010.00, 670.00) ON CONFLICT (host_id, ts) DO NOTHING;
INSERT INTO metrics (host_id, ts, cpu_pct, mem_pct, net_in_kbps, net_out_kbps) VALUES ('29799330-8b99-d203-8293-e9c391277a42', '2024-01-08 01:40:00', 8.00, 25.00, 1010.00, 670.00) ON CONFLICT (host_id, ts) DO NOTHING;
INSERT INTO metrics (host_id, ts, cpu_pct, mem_pct, net_in_kbps, net_out_kbps) VALUES ('29799330-8b99-d203-8293-e9c391277a42', '2024-01-08 02:40:00', 9.00, 26.00, 1130.00, 750.00) ON CONFLICT (host_id, ts) DO NOTHING;
INSERT INTO metrics (host_id, ts, cpu_pct, mem_pct, net_in_kbps, net_out_kbps) VALUES ('29799330-8b99-d203-8293-e9c391277a42', '2024-01-08 03:40:00', 11.00, 27.00, 1370.00, 910.00) ON CONFLICT (host_id, ts) DO NOTHING;
INSERT INTO metrics (host_id, ts, cpu_pct, mem_pct, net_in_kbps, net_out_kbps) VALUES ('29799330-8b99-d203-8293-e9c391277a42', '2024-01-08 04:40:00', 11.00, 27.00, 1370.00, 910.00) ON CONFLICT (host_id, ts) DO NOTHING;
INSERT INTO metrics (host_id, ts, cpu_pct, mem_pct, net_in_kbps, net_out_kbps) VALUES ('29799330-8b99-d203-8293-e9c391277a42', '2024-01-08 05:40:00', 23.00, 36.00, 2810.00, 1870.00) ON CONFLICT (host_id, ts) DO NOTHING;
INSERT INTO metrics (host_id, ts, cpu_pct, mem_pct, net_in_kbps, net_out_kbps) VALUES ('29799330-8b99-d203-8293-e9c391277a42', '2024-01-08 06:40:00', 44.00, 50.00, 5330.00, 3550.00) ON CONFLICT (host_id, ts) DO NOTHING;
INSERT INTO metrics (host_id, ts, cpu_pct, mem_pct, net_in_kbps, net_out_kbps) VALUES ('29799330-8b99-d203-8293-e9c391277a42', '2024-01-08 07:40:00', 58.00, 60.00, 7010.00, 4670.00) ON CONFLICT (host_id, ts) DO NOTHING;
INSERT INTO metrics (host_id, ts, cpu_pct, mem_pct, net_in_kbps, net_out_kbps) VALUES ('29799330-8b99-d203-8293-e9c391277a42', '2024-01-08 08:40:00', 67.00, 66.00, 8090.00, 5390.00) ON CONFLICT (host_id, ts) DO NOTHING;
INSERT INTO metrics (host_id, ts, cpu_pct, mem_pct, net_in_kbps, net_out_kbps) VALUES ('29799330-8b99-d203-8293-e9c391277a42', '2024-01-08 09:40:00', 74.00, 71.00, 8930.00, 5950.00) ON CONFLICT (host_id, ts) DO NOTHING;
INSERT INTO metrics (host_id, ts, cpu_pct, mem_pct, net_in_kbps, net_out_kbps) VALUES ('29799330-8b99-d203-8293-e9c391277a42', '2024-01-08 10:40:00', 76.00, 73.00, 9170.00, 6110.00) ON CONFLICT (host_id, ts) DO NOTHING;
INSERT INTO metrics (host_id, ts, cpu_pct, mem_pct, net_in_kbps, net_out_kbps) VALUES ('29799330-8b99-d203-8293-e9c391277a42', '2024-01-08 11:40:00', 81.00, 76.00, 9770.00, 6510.00) ON CONFLICT (host_id, ts) DO NOTHING;
INSERT INTO metrics (host_id, ts, cpu_pct, mem_pct, net_in_kbps, net_out_kbps) VALUES ('29799330-8b99-d203-8293-e9c391277a42', '2024-01-08 12:40:00', 85.00, 79.00, 10250.00, 6830.00) ON CONFLICT (host_id, ts) DO NOTHING;
INSERT INTO metrics (host_id, ts, cpu_pct, mem_pct, net_in_kbps, net_out_kbps) VALUES ('29799330-8b99-d203-8293-e9c391277a42', '2024-01-08 13:40:00', 81.00, 76.00, 9770.00, 6510.00) ON CONFLICT (host_id, ts) DO NOTHING;
INSERT INTO metrics (host_id, ts, cpu_pct, mem_pct, net_in_kbps, net_out_kbps) VALUES ('29799330-8b99-d203-8293-e9c391277a42', '2024-01-08 14:40:00', 72.00, 70.00, 8690.00, 5790.00) ON CONFLICT (host_id, ts) DO NOTHING;
INSERT INTO metrics (host_id, ts, cpu_pct, mem_pct, net_in_kbps, net_out_kbps) VALUES ('29799330-8b99-d203-8293-e9c391277a42', '2024-01-08 15:40:00', 63.00, 64.00, 7610.00, 5070.00) ON CONFLICT (host_id, ts) DO NOTHING;
INSERT INTO metrics (host_id, ts, cpu_pct, mem_pct, net_in_kbps, net_out_kbps) VALUES ('29799330-8b99-d203-8293-e9c391277a42', '2024-01-08 16:40:00', 46.00, 52.00, 5570.00, 3710.00) ON CONFLICT (host_id, ts) DO NOTHING;
INSERT INTO metrics (host_id, ts, cpu_pct, mem_pct, net_in_kbps, net_out_kbps) VALUES ('29799330-8b99-d203-8293-e9c391277a42', '2024-01-08 17:40:00', 37.00, 45.00, 4490.00, 2990.00) ON CONFLICT (host_id, ts) DO NOTHING;
INSERT INTO metrics (host_id, ts, cpu_pct, mem_pct, net_in_kbps, net_out_kbps) VALUES ('29799330-8b99-d203-8293-e9c391277a42', '2024-01-08 18:40:00', 30.00, 41.00, 3650.00, 2430.00) ON CONFLICT (host_id, ts) DO NOTHING;
INSERT INTO metrics (host_id, ts, cpu_pct, mem_pct, net_in_kbps, net_out_kbps) VALUES ('29799330-8b99-d203-8293-e9c391277a42', '2024-01-08 19:40:00', 25.00, 37.00, 3050.00, 2030.00) ON CONFLICT (host_id, ts) DO NOTHING;
INSERT INTO metrics (host_id, ts, cpu_pct, mem_pct, net_in_kbps, net_out_kbps) VALUES ('29799330-8b99-d203-8293-e9c391277a42', '2024-01-08 20:40:00', 20.00, 34.00, 2450.00, 1630.00) ON CONFLICT (host_id, ts) DO NOTHING;
INSERT INTO metrics (host_id, ts, cpu_pct, mem_pct, net_in_kbps, net_out_kbps) VALUES ('29799330-8b99-d203-8293-e9c391277a42', '2024-01-08 21:40:00', 17.00, 31.00, 2090.00, 1390.00) ON CONFLICT (host_id, ts) DO NOTHING;
INSERT INTO metrics (host_id, ts, cpu_pct, mem_pct, net_in_kbps, net_out_kbps) VALUES ('4806416a-21e1-1f3d-0d95-8b83f2f86f54', '2024-03-17 09:20:00', 17.00, 31.00, 2090.00, 1390.00) ON CONFLICT (host_id, ts) DO NOTHING;
INSERT INTO metrics (host_id, ts, cpu_pct, mem_pct, net_in_kbps, net_out_kbps) VALUES ('4806416a-21e1-1f3d-0d95-8b83f2f86f54', '2024-03-17 10:20:00', 16.00, 31.00, 1970.00, 1310.00) ON CONFLICT (host_id, ts) DO NOTHING;
INSERT INTO metrics (host_id, ts, cpu_pct, mem_pct, net_in_kbps, net_out_kbps) VALUES ('4806416a-21e1-1f3d-0d95-8b83f2f86f54', '2024-03-17 11:20:00', 16.00, 31.00, 1970.00, 1310.00) ON CONFLICT (host_id, ts) DO NOTHING;
INSERT INTO metrics (host_id, ts, cpu_pct, mem_pct, net_in_kbps, net_out_kbps) VALUES ('4806416a-21e1-1f3d-0d95-8b83f2f86f54', '2024-03-17 12:20:00', 10.00, 27.00, 1250.00, 830.00) ON CONFLICT (host_id, ts) DO NOTHING;
INSERT INTO metrics (host_id, ts, cpu_pct, mem_pct, net_in_kbps, net_out_kbps) VALUES ('4806416a-21e1-1f3d-0d95-8b83f2f86f54', '2024-03-17 13:20:00', 11.00, 27.00, 1370.00, 910.00) ON CONFLICT (host_id, ts) DO NOTHING;
INSERT INTO metrics (host_id, ts, cpu_pct, mem_pct, net_in_kbps, net_out_kbps) VALUES ('4806416a-21e1-1f3d-0d95-8b83f2f86f54', '2024-03-17 14:20:00', 13.00, 29.00, 1610.00, 1070.00) ON CONFLICT (host_id, ts) DO NOTHING;
INSERT INTO metrics (host_id, ts, cpu_pct, mem_pct, net_in_kbps, net_out_kbps) VALUES ('4806416a-21e1-1f3d-0d95-8b83f2f86f54', '2024-03-17 15:20:00', 19.00, 33.00, 2330.00, 1550.00) ON CONFLICT (host_id, ts) DO NOTHING;
INSERT INTO metrics (host_id, ts, cpu_pct, mem_pct, net_in_kbps, net_out_kbps) VALUES ('4806416a-21e1-1f3d-0d95-8b83f2f86f54', '2024-03-17 16:20:00', 31.00, 41.00, 3770.00, 2510.00) ON CONFLICT (host_id, ts) DO NOTHING;
INSERT INTO metrics (host_id, ts, cpu_pct, mem_pct, net_in_kbps, net_out_kbps) VALUES ('4806416a-21e1-1f3d-0d95-8b83f2f86f54', '2024-03-17 17:20:00', 52.00, 56.00, 6290.00, 4190.00) ON CONFLICT (host_id, ts) DO NOTHING;
INSERT INTO metrics (host_id, ts, cpu_pct, mem_pct, net_in_kbps, net_out_kbps) VALUES ('4806416a-21e1-1f3d-0d95-8b83f2f86f54', '2024-03-17 18:20:00', 60.00, 62.00, 7250.00, 4830.00) ON CONFLICT (host_id, ts) DO NOTHING;
INSERT INTO metrics (host_id, ts, cpu_pct, mem_pct, net_in_kbps, net_out_kbps) VALUES ('4806416a-21e1-1f3d-0d95-8b83f2f86f54', '2024-03-17 19:20:00', 69.00, 68.00, 8330.00, 5550.00) ON CONFLICT (host_id, ts) DO NOTHING;
INSERT INTO metrics (host_id, ts, cpu_pct, mem_pct, net_in_kbps, net_out_kbps) VALUES ('4806416a-21e1-1f3d-0d95-8b83f2f86f54', '2024-03-17 20:20:00', 76.00, 73.00, 9170.00, 6110.00) ON CONFLICT (host_id, ts) DO NOTHING;
INSERT INTO metrics (host_id, ts, cpu_pct, mem_pct, net_in_kbps, net_out_kbps) VALUES ('4806416a-21e1-1f3d-0d95-8b83f2f86f54', '2024-03-17 21:20:00', 84.00, 78.00, 10130.00, 6750.00) ON CONFLICT (host_id, ts) DO NOTHING;
INSERT INTO metrics (host_id, ts, cpu_pct, mem_pct, net_in_kbps, net_out_kbps) VALUES ('4806416a-21e1-1f3d-0d95-8b83f2f86f54', '2024-03-17 22:20:00', 89.00, 82.00, 10730.00, 7150.00) ON CONFLICT (host_id, ts) DO NOTHING;
INSERT INTO metrics (host_id, ts, cpu_pct, mem_pct, net_in_kbps, net_out_kbps) VALUES ('4806416a-21e1-1f3d-0d95-8b83f2f86f54', '2024-03-17 23:20:00', 93.00, 85.00, 11210.00, 7470.00) ON CONFLICT (host_id, ts) DO NOTHING;
INSERT INTO metrics (host_id, ts, cpu_pct, mem_pct, net_in_kbps, net_out_kbps) VALUES ('4806416a-21e1-1f3d-0d95-8b83f2f86f54', '2024-03-18 00:20:00', 83.00, 78.00, 10010.00, 6670.00) ON CONFLICT (host_id, ts) DO NOTHING;
INSERT INTO metrics (host_id, ts, cpu_pct, mem_pct, net_in_kbps, net_out_kbps) VALUES ('4806416a-21e1-1f3d-0d95-8b83f2f86f54', '2024-03-18 01:20:00', 74.00, 71.00, 8930.00, 5950.00) ON CONFLICT (host_id, ts) DO NOTHING;
INSERT INTO metrics (host_id, ts, cpu_pct, mem_pct, net_in_kbps, net_out_kbps) VALUES ('4806416a-21e1-1f3d-0d95-8b83f2f86f54', '2024-03-18 02:20:00', 65.00, 65.00, 7850.00, 5230.00) ON CONFLICT (host_id, ts) DO NOTHING;
INSERT INTO metrics (host_id, ts, cpu_pct, mem_pct, net_in_kbps, net_out_kbps) VALUES ('4806416a-21e1-1f3d-0d95-8b83f2f86f54', '2024-03-18 03:20:00', 54.00, 57.00, 6530.00, 4350.00) ON CONFLICT (host_id, ts) DO NOTHING;
INSERT INTO metrics (host_id, ts, cpu_pct, mem_pct, net_in_kbps, net_out_kbps) VALUES ('4806416a-21e1-1f3d-0d95-8b83f2f86f54', '2024-03-18 04:20:00', 45.00, 51.00, 5450.00, 3630.00) ON CONFLICT (host_id, ts) DO NOTHING;
INSERT INTO metrics (host_id, ts, cpu_pct, mem_pct, net_in_kbps, net_out_kbps) VALUES ('4806416a-21e1-1f3d-0d95-8b83f2f86f54', '2024-03-18 05:20:00', 38.00, 46.00, 4610.00, 3070.00) ON CONFLICT (host_id, ts) DO NOTHING;
INSERT INTO metrics (host_id, ts, cpu_pct, mem_pct, net_in_kbps, net_out_kbps) VALUES ('4806416a-21e1-1f3d-0d95-8b83f2f86f54', '2024-03-18 06:20:00', 27.00, 38.00, 3290.00, 2190.00) ON CONFLICT (host_id, ts) DO NOTHING;
INSERT INTO metrics (host_id, ts, cpu_pct, mem_pct, net_in_kbps, net_out_kbps) VALUES ('4806416a-21e1-1f3d-0d95-8b83f2f86f54', '2024-03-18 07:20:00', 22.00, 35.00, 2690.00, 1790.00) ON CONFLICT (host_id, ts) DO NOTHING;
INSERT INTO metrics (host_id, ts, cpu_pct, mem_pct, net_in_kbps, net_out_kbps) VALUES ('4806416a-21e1-1f3d-0d95-8b83f2f86f54', '2024-03-18 08:20:00', 19.00, 33.00, 2330.00, 1550.00) ON CONFLICT (host_id, ts) DO NOTHING;
INSERT INTO metrics (host_id, ts, cpu_pct, mem_pct, net_in_kbps, net_out_kbps) VALUES ('e37c25b1-753c-a82a-9c43-2c0744cae688', '2024-05-25 20:00:00', 19.00, 33.00, 2330.00, 1550.00) ON CONFLICT (host_id, ts) DO NOTHING;
INSERT INTO metrics (host_id, ts, cpu_pct, mem_pct, net_in_kbps, net_out_kbps) VALUES ('e37c25b1-753c-a82a-9c43-2c0744cae688', '2024-05-25 21:00:00', 18.00, 32.00, 2210.00, 1470.00) ON CONFLICT (host_id, ts) DO NOTHING;
INSERT INTO metrics (host_id, ts, cpu_pct, mem_pct, net_in_kbps, net_out_kbps) VALUES ('e37c25b1-753c-a82a-9c43-2c0744cae688', '2024-05-25 22:00:00', 18.00, 32.00, 2210.00, 1470.00) ON CONFLICT (host_id, ts) DO NOTHING;
INSERT INTO metrics (host_id, ts, cpu_pct, mem_pct, net_in_kbps, net_out_kbps) VALUES ('e37c25b1-753c-a82a-9c43-2c0744cae688', '2024-05-25 23:00:00', 18.00, 32.00, 2210.00, 1470.00) ON CONFLICT (host_id, ts) DO NOTHING;
INSERT INTO metrics (host_id, ts, cpu_pct, mem_pct, net_in_kbps, net_out_kbps) VALUES ('e37c25b1-753c-a82a-9c43-2c0744cae688', '2024-05-26 00:00:00', 19.00, 33.00, 2330.00, 1550.00) ON CONFLICT (host_id, ts) DO NOTHING;
INSERT INTO metrics (host_id, ts, cpu_pct, mem_pct, net_in_kbps, net_out_kbps) VALUES ('e37c25b1-753c-a82a-9c43-2c0744cae688', '2024-05-26 01:00:00', 21.00, 34.00, 2570.00, 1710.00) ON CONFLICT (host_id, ts) DO NOTHING;
INSERT INTO metrics (host_id, ts, cpu_pct, mem_pct, net_in_kbps, net_out_kbps) VALUES ('e37c25b1-753c-a82a-9c43-2c0744cae688', '2024-05-26 02:00:00', 21.00, 34.00, 2570.00, 1710.00) ON CONFLICT (host_id, ts) DO NOTHING;
INSERT INTO metrics (host_id, ts, cpu_pct, mem_pct, net_in_kbps, net_out_kbps) VALUES ('e37c25b1-753c-a82a-9c43-2c0744cae688', '2024-05-26 03:00:00', 33.00, 43.00, 4010.00, 2670.00) ON CONFLICT (host_id, ts) DO NOTHING;
INSERT INTO metrics (host_id, ts, cpu_pct, mem_pct, net_in_kbps, net_out_kbps) VALUES ('e37c25b1-753c-a82a-9c43-2c0744cae688', '2024-05-26 04:00:00', 54.00, 57.00, 6530.00, 4350.00) ON CONFLICT (host_id, ts) DO NOTHING;
INSERT INTO metrics (host_id, ts, cpu_pct, mem_pct, net_in_kbps, net_out_kbps) VALUES ('e37c25b1-753c-a82a-9c43-2c0744cae688', '2024-05-26 05:00:00', 68.00, 67.00, 8210.00, 5470.00) ON CONFLICT (host_id, ts) DO NOTHING;
INSERT INTO metrics (host_id, ts, cpu_pct, mem_pct, net_in_kbps, net_out_kbps) VALUES ('e37c25b1-753c-a82a-9c43-2c0744cae688', '2024-05-26 06:00:00', 77.00, 73.00, 9290.00, 6190.00) ON CONFLICT (host_id, ts) DO NOTHING;
INSERT INTO metrics (host_id, ts, cpu_pct, mem_pct, net_in_kbps, net_out_kbps) VALUES ('e37c25b1-753c-a82a-9c43-2c0744cae688', '2024-05-26 07:00:00', 84.00, 78.00, 10130.00, 6750.00) ON CONFLICT (host_id, ts) DO NOTHING;
INSERT INTO metrics (host_id, ts, cpu_pct, mem_pct, net_in_kbps, net_out_kbps) VALUES ('e37c25b1-753c-a82a-9c43-2c0744cae688', '2024-05-26 08:00:00', 86.00, 80.00, 10370.00, 6910.00) ON CONFLICT (host_id, ts) DO NOTHING;
INSERT INTO metrics (host_id, ts, cpu_pct, mem_pct, net_in_kbps, net_out_kbps) VALUES ('e37c25b1-753c-a82a-9c43-2c0744cae688', '2024-05-26 09:00:00', 91.00, 83.00, 10970.00, 7310.00) ON CONFLICT (host_id, ts) DO NOTHING;
INSERT INTO metrics (host_id, ts, cpu_pct, mem_pct, net_in_kbps, net_out_kbps) VALUES ('e37c25b1-753c-a82a-9c43-2c0744cae688', '2024-05-26 10:00:00', 95.00, 86.00, 11450.00, 7630.00) ON CONFLICT (host_id, ts) DO NOTHING;
INSERT INTO metrics (host_id, ts, cpu_pct, mem_pct, net_in_kbps, net_out_kbps) VALUES ('e37c25b1-753c-a82a-9c43-2c0744cae688', '2024-05-26 11:00:00', 91.00, 83.00, 10970.00, 7310.00) ON CONFLICT (host_id, ts) DO NOTHING;
INSERT INTO metrics (host_id, ts, cpu_pct, mem_pct, net_in_kbps, net_out_kbps) VALUES ('e37c25b1-753c-a82a-9c43-2c0744cae688', '2024-05-26 12:00:00', 82.00, 77.00, 9890.00, 6590.00) ON CONFLICT (host_id, ts) DO NOTHING;
INSERT INTO metrics (host_id, ts, cpu_pct, mem_pct, net_in_kbps, net_out_kbps) VALUES ('e37c25b1-753c-a82a-9c43-2c0744cae688', '2024-05-26 13:00:00', 73.00, 71.00, 8810.00, 5870.00) ON CONFLICT (host_id, ts) DO NOTHING;
INSERT INTO metrics (host_id, ts, cpu_pct, mem_pct, net_in_kbps, net_out_kbps) VALUES ('e37c25b1-753c-a82a-9c43-2c0744cae688', '2024-05-26 14:00:00', 56.00, 59.00, 6770.00, 4510.00) ON CONFLICT (host_id, ts) DO NOTHING;
INSERT INTO metrics (host_id, ts, cpu_pct, mem_pct, net_in_kbps, net_out_kbps) VALUES ('e37c25b1-753c-a82a-9c43-2c0744cae688', '2024-05-26 15:00:00', 47.00, 52.00, 5690.00, 3790.00) ON CONFLICT (host_id, ts) DO NOTHING;
INSERT INTO metrics (host_id, ts, cpu_pct, mem_pct, net_in_kbps, net_out_kbps) VALUES ('e37c25b1-753c-a82a-9c43-2c0744cae688', '2024-05-26 16:00:00', 40.00, 48.00, 4850.00, 3230.00) ON CONFLICT (host_id, ts) DO NOTHING;
INSERT INTO metrics (host_id, ts, cpu_pct, mem_pct, net_in_kbps, net_out_kbps) VALUES ('e37c25b1-753c-a82a-9c43-2c0744cae688', '2024-05-26 17:00:00', 35.00, 44.00, 4250.00, 2830.00) ON CONFLICT (host_id, ts) DO NOTHING;
INSERT INTO metrics (host_id, ts, cpu_pct, mem_pct, net_in_kbps, net_out_kbps) VALUES ('e37c25b1-753c-a82a-9c43-2c0744cae688', '2024-05-26 18:00:00', 30.00, 41.00, 3650.00, 2430.00) ON CONFLICT (host_id, ts) DO NOTHING;
INSERT INTO metrics (host_id, ts, cpu_pct, mem_pct, net_in_kbps, net_out_kbps) VALUES ('e37c25b1-753c-a82a-9c43-2c0744cae688', '2024-05-26 19:00:00', 27.00, 38.00, 3290.00, 2190.00) ON CONFLICT (host_id, ts) DO NOTHING;
INSERT INTO metrics (host_id, ts, cpu_pct, mem_pct, net_in_kbps, net_out_kbps) VALUES ('29799330-8b99-d203-8293-e9c391277a42', '2024-03-09 18:00:00', 0.00, 20.00, 50.00, 30.00) ON CONFLICT (host_id, ts) DO NOTHING;
INSERT INTO metrics (host_id, ts, cpu_pct, mem_pct, net_in_kbps, net_out_kbps) VALUES ('29799330-8b99-d203-8293-e9c391277a42', '2024-03-09 19:00:00', 100.00, 100.00, 12050.00, 8030.00) ON CONFLICT (host_id, ts) DO NOTHING;
INSERT INTO forecasts (id, host_id, metric, generated_at, horizon_minutes, model, predicted_value, lower_bound, upper_bound, mape) VALUES ('6486a1b0-d638-1fdc-5eec-24657fdca521', '29799330-8b99-d203-8293-e9c391277a42', 'CPU', '2024-05-18 21:20:00', 60, 'STL_HOLTWINTERS', 60.00, 52.00, 68.00, 7.00) ON CONFLICT (id) DO NOTHING;
INSERT INTO forecasts (id, host_id, metric, generated_at, horizon_minutes, model, predicted_value, lower_bound, upper_bound, mape) VALUES ('16a429c8-81ce-f494-8fa8-a417e328f254', '29799330-8b99-d203-8293-e9c391277a42', 'MEM', '2024-05-18 21:21:00', 60, 'STL_HOLTWINTERS', 63.00, 55.00, 71.00, 8.00) ON CONFLICT (id) DO NOTHING;
INSERT INTO forecasts (id, host_id, metric, generated_at, horizon_minutes, model, predicted_value, lower_bound, upper_bound, mape) VALUES ('b1182b18-8773-a46d-c537-5e9b954159a8', '29799330-8b99-d203-8293-e9c391277a42', 'NET_IN', '2024-05-18 21:22:00', 60, 'STL_HOLTWINTERS', 66.00, 58.00, 74.00, 9.00) ON CONFLICT (id) DO NOTHING;
INSERT INTO forecasts (id, host_id, metric, generated_at, horizon_minutes, model, predicted_value, lower_bound, upper_bound, mape) VALUES ('91896c8c-a602-4977-a211-5aaebbb2861c', '29799330-8b99-d203-8293-e9c391277a42', 'NET_OUT', '2024-05-18 21:23:00', 60, 'STL_HOLTWINTERS', 69.00, 61.00, 77.00, 10.00) ON CONFLICT (id) DO NOTHING;
INSERT INTO forecasts (id, host_id, metric, generated_at, horizon_minutes, model, predicted_value, lower_bound, upper_bound, mape) VALUES ('bfb10678-2df4-5b60-0c71-e16f39552b48', '4806416a-21e1-1f3d-0d95-8b83f2f86f54', 'CPU', '2024-05-18 23:00:00', 60, 'STL_HOLTWINTERS', 64.00, 56.00, 72.00, 8.00) ON CONFLICT (id) DO NOTHING;
INSERT INTO forecasts (id, host_id, metric, generated_at, horizon_minutes, model, predicted_value, lower_bound, upper_bound, mape) VALUES ('a57d655e-1e40-0b2d-a2d9-ef961d567ae2', '4806416a-21e1-1f3d-0d95-8b83f2f86f54', 'MEM', '2024-05-18 23:01:00', 60, 'STL_HOLTWINTERS', 67.00, 59.00, 75.00, 9.00) ON CONFLICT (id) DO NOTHING;
INSERT INTO forecasts (id, host_id, metric, generated_at, horizon_minutes, model, predicted_value, lower_bound, upper_bound, mape) VALUES ('235cac4f-51fe-502c-db88-b66b6ac607a1', '4806416a-21e1-1f3d-0d95-8b83f2f86f54', 'NET_IN', '2024-05-18 23:02:00', 60, 'STL_HOLTWINTERS', 70.00, 62.00, 78.00, 10.00) ON CONFLICT (id) DO NOTHING;
INSERT INTO forecasts (id, host_id, metric, generated_at, horizon_minutes, model, predicted_value, lower_bound, upper_bound, mape) VALUES ('04c6d2ac-e1e0-738d-aac9-e40ba5ac7f36', '4806416a-21e1-1f3d-0d95-8b83f2f86f54', 'NET_OUT', '2024-05-18 23:03:00', 60, 'STL_HOLTWINTERS', 73.00, 65.00, 81.00, 11.00) ON CONFLICT (id) DO NOTHING;
INSERT INTO forecasts (id, host_id, metric, generated_at, horizon_minutes, model, predicted_value, lower_bound, upper_bound, mape) VALUES ('d55cad6c-0959-d61c-86b3-ea1a5c00c65e', 'e37c25b1-753c-a82a-9c43-2c0744cae688', 'CPU', '2024-05-19 00:40:00', 60, 'STL_HOLTWINTERS', 68.00, 60.00, 76.00, 9.00) ON CONFLICT (id) DO NOTHING;
INSERT INTO forecasts (id, host_id, metric, generated_at, horizon_minutes, model, predicted_value, lower_bound, upper_bound, mape) VALUES ('4c50ce5b-9e12-7a49-1687-08b9b37debaa', 'e37c25b1-753c-a82a-9c43-2c0744cae688', 'MEM', '2024-05-19 00:41:00', 60, 'STL_HOLTWINTERS', 71.00, 63.00, 79.00, 10.00) ON CONFLICT (id) DO NOTHING;
INSERT INTO forecasts (id, host_id, metric, generated_at, horizon_minutes, model, predicted_value, lower_bound, upper_bound, mape) VALUES ('6063575b-1b37-dfad-aa95-c6297852415c', 'e37c25b1-753c-a82a-9c43-2c0744cae688', 'NET_IN', '2024-05-19 00:42:00', 60, 'STL_HOLTWINTERS', 74.00, 66.00, 82.00, 11.00) ON CONFLICT (id) DO NOTHING;
INSERT INTO forecasts (id, host_id, metric, generated_at, horizon_minutes, model, predicted_value, lower_bound, upper_bound, mape) VALUES ('c9eb9a97-8663-07a5-99cd-a309e5491069', 'e37c25b1-753c-a82a-9c43-2c0744cae688', 'NET_OUT', '2024-05-19 00:43:00', 60, 'STL_HOLTWINTERS', 77.00, 69.00, 85.00, 12.00) ON CONFLICT (id) DO NOTHING;
INSERT INTO recommendations (id, host_id, generated_at, current_vcpu, recommended_vcpu, current_memory_mb, recommended_memory_mb, est_cost_saving_pct, slo_confidence) VALUES ('b9574495-60ca-53db-ab19-1faeddedd188', '29799330-8b99-d203-8293-e9c391277a42', '2024-07-27 08:00:00', 1, 1, 256, 256, 0.00, 99.90) ON CONFLICT (id) DO NOTHING;
INSERT INTO recommendations (id, host_id, generated_at, current_vcpu, recommended_vcpu, current_memory_mb, recommended_memory_mb, est_cost_saving_pct, slo_confidence) VALUES ('a80abac7-db6a-7187-43cc-fe8126ef5d1c', '4806416a-21e1-1f3d-0d95-8b83f2f86f54', '2024-07-27 08:01:00', 8, 4, 16384, 8192, 50.00, 99.90) ON CONFLICT (id) DO NOTHING;
INSERT INTO recommendations (id, host_id, generated_at, current_vcpu, recommended_vcpu, current_memory_mb, recommended_memory_mb, est_cost_saving_pct, slo_confidence) VALUES ('3e87778f-e6c0-30f5-bf13-0c6136ba2bc6', 'e37c25b1-753c-a82a-9c43-2c0744cae688', '2024-07-27 08:02:00', 16, 8, 32768, 16384, 50.00, 99.90) ON CONFLICT (id) DO NOTHING;

COMMIT;
